safra,rows,churn,churn_n
201601,711399,0.13994396955857402,99556
201602,738268,0.14016048372677672,103476
201603,689588,0.07806690371642198,53834
201604,673273,0.045341191463195464,30527
201605,679232,0.048684396494864786,33068
201606,675239,0.04924034304890565,33249
201607,765726,0.03349370401422963,25647
201608,770915,0.05663140553757548,43658
201609,775915,0.05032510004317483,39048
