free_months,accept_rate,top_frac,k,TP,FP,precision_at_k,base_churn_rate_test,lift,ARPU_NTD,expected_gain_NTD,expected_cost_NTD,expected_net_NTD
1,0.7,0.2,1792677,273501,1519176,0.15256568807431567,0.04739347913762491,3.2191282609002694,144.2380587122267,303759250.3780658,219122997.08220568,84636253.29586014
1,0.5,0.2,1792677,273501,1519176,0.15256568807431567,0.04739347913762491,3.2191282609002694,144.2380587122267,216970893.1271899,219122997.08220568,-2152103.9550157785
1,0.3,0.01,89633,1229,88404,0.013711467874555131,0.04739347913762491,0.28931127496967873,144.2380587122267,584986.2947191778,12751221.342395687,-12166235.04767651
2,0.7,0.01,89633,1229,88404,0.013711467874555131,0.04739347913762491,0.28931127496967873,144.2380587122267,1240880.0191012863,25502442.684791375,-24261562.665690087
2,0.5,0.01,89633,1229,88404,0.013711467874555131,0.04739347913762491,0.28931127496967873,144.2380587122267,886342.870786633,25502442.684791375,-24616099.81400474
2,0.3,0.01,89633,1229,88404,0.013711467874555131,0.04739347913762491,0.28931127496967873,144.2380587122267,531805.7224719798,25502442.684791375,-24970636.962319396
3,0.7,0.01,89633,1229,88404,0.013711467874555131,0.04739347913762491,0.28931127496967873,144.2380587122267,1116792.0171911574,38253664.027187064,-37136872.00999591
3,0.5,0.01,89633,1229,88404,0.013711467874555131,0.04739347913762491,0.28931127496967873,144.2380587122267,797708.5837079698,38253664.027187064,-37455955.44347909
3,0.3,0.01,89633,1229,88404,0.013711467874555131,0.04739347913762491,0.28931127496967873,144.2380587122267,478625.15022478177,38253664.027187064,-37775038.87696228
