set,roc_auc,pr_auc,recall_top5pct,churnrate_top5pct,k5
VALIDAÇÃO,0.8507955561727567,0.191548301036484,0.23286421888513248,0.21898706099815157,202875
TESTE,0.8297690100492467,0.12212108187739736,0.07300979741340753,0.06920380481470159,448169
