cluster,rows,p_churn,churn_3m,fp,fn,paid_sum,total_secs,num_unq,auto_renew_rate,cancel_txn_count,share
0,3678624,0.14872968585377078,0.20129863775150708,0.0687534251937681,0.191536835512409,0.17215624766599447,122094.495381273,482.12439569795663,0.2947942340727463,0.009336022107700351,0.13680188901849022
3,1771110,0.12730779007041884,0.05395091213984451,0.05114589155953046,0.05158798719447126,151.5931551495362,516964.72639052797,1704.7451750597083,0.8408147292083233,0.009685763029002257,0.06586462591978365
2,2074680,0.1165521750792501,0.04206576435884088,0.06109665104980045,0.03911591185146625,156.58381093000213,432439.32131136564,1522.0472930765227,0.7905552425543488,0.008043051697006198,0.07715388773326148
1,19365741,0.08290762180429537,0.01812943795953896,0.04082771735922731,0.015605444687089434,141.97917693931774,86450.69642736629,345.50377344197676,0.8793037663779558,0.00790147921528022,0.7201795973284646
