cluster,rows,p_churn,churn_3m,fp,fn,paid_sum,total_secs,num_unq,auto_renew_rate,cancel_txn_count,share
3,174630,0.3667235344815817,0.04995705205291187,0.42824257000515376,0.04333161541544981,264.7847677947661,123362.45573678061,487.5359961060528,0.5056691290156331,0.01075416595086755,0.05844778507226901
1,409798,0.14669406988925207,0.20301709622789765,0.06984416712624268,0.1849276960844123,0.10653503724789534,124637.62151251348,492.35309591554864,0.23463145781600145,0.008236932953788384,0.13715733509159764
0,138703,0.0830896578940147,0.06242114445974492,0.0702868719494171,0.05423819239670375,146.3123454388841,749605.923696755,2402.2557190543826,0.8577713560625005,0.008215473246454935,0.0464231983787375
2,251960,0.048131884672297835,0.03910541355770757,0.03291792347991745,0.03621209715827909,140.15835231908548,246403.35338301715,900.6776274011748,0.8702622931816256,0.010847515058562315,0.08432974819222872
4,611424,0.02697984575036821,0.03624980373685037,0.01385127178520961,0.03446217354896111,143.272626211284,204657.36562051214,784.3545461087559,0.7124792995458198,0.01001000180360393,0.20464054595445805
5,1401280,0.012511064630552673,0.006427694679150491,0.005141727563370633,0.005738324960036538,129.65415691367892,52477.86164805464,214.25155001141812,0.9860606017355561,0.006371317652432062,0.46900138731070906
